Text (font_utf8 to line-2-head),  Kametohito(1_24hours)________
アボカドしそ, Inohanasyoku_to_hitokatatane_kyuuri📈(1_24hours)12661
アボカド.タネ　と　石　と　しそ.タネ, Inohanasyoku_to_hitokatatane_kyuuri📈(1_24hours)12661
抹茶のり　Fe鉄・Cu銅・Pb鉛, Inohanasyoku_to_hitokatatane_kyuuri📈(1_24hours)12661
kamakura_avocado, Inohanasyoku_to_hitokatatane_kyuuri📈(1_24hours)12661
onsen_avocado, Inohanasyoku_to_hitokatatane_kyuuri📈(1_24hours)12661
ooita_avocado, Inohanasyoku_to_hitokatatane_kyuuri📈(1_24hours)12661
yamanashi_avocado, Inohanasyoku_to_hitokatatane_kyuuri📈(1_24hours)12661
カラスウリ　キュウリ　（アボカド）, Inohanasyoku_to_hitokatatane_kyuuri📈(1_24hours)12661
赤ぶどう キュウリ しそ, Inohanasyoku_to_hitokatatane_kyuuri📈(1_24hours)12661
12cm大根根　11cm花芽なった。花芽22~n。, Inohanasyoku_to_hitokatatane_kyuuri📈(1_24hours)12661
牛乳パン　と　納豆, Inohanasyoku_to_hitokatatane_kyuuri📈(1_24hours)12662
牛乳パン+灰, Inohanasyoku_to_hitokatatane_kyuuri📈(1_24hours)12662
パプリカ.タネ　カビ📈なった, Inohanasyoku_to_hitokatatane_kyuuri📈(1_24hours)12662
バターターメリックトマトナスピーマン　スターチポテト　じゃがいも　な　カレー、ガランガルペースト品。, Inohanasyoku_to_hitokatatane_kyuuri📈(1_24hours)12662
40m〜60mビル キュウリビル, Inohanasyoku_to_hitokatatane_kyuuri📈(1_24hours)12662
ビワ木　… 高すぎる。, Inohanasyoku_to_hitokatatane_kyuuri📈(1_24hours)12662
ビワ木　折らんだった木　… タネ📈な木。, Inohanasyoku_to_hitokatatane_kyuuri📈(1_24hours)12662
2m穴と土小山　ビワ木.タネ　ビワ実📈, Inohanasyoku_to_hitokatatane_kyuuri📈(1_24hours)12662
サトウキビ茎、合成力な能。, Inohanasyoku_to_hitokatatane_kyuuri📈(1_24hours)12662
If 表層硬い、合成力能。, Inohanasyoku_to_hitokatatane_kyuuri📈(1_24hours)12662
水・吸力・オスモル, Inohanasyoku_to_hitokatatane_kyuuri📈(1_24hours)12662
[合成食]おいなり　甘煮、じゃがいも　包む。, Inohanasyoku_to_hitokatatane_kyuuri📈(1_24hours)12662
[合成食]もち性じゃがいも　あんこ。, Inohanasyoku_to_hitokatatane_kyuuri📈(1_24hours)12662
マグカ白菜📈な市場なった。地球📈。, Inohanasyoku_to_hitokatatane_kyuuri📈(1_24hours)12662
トマト山　… Kカリウム, Inohanasyoku_to_hitokatatane_kyuuri📈(1_24hours)12663
万願寺とうがらし山　（山域Kカリウム📈　下川域.吸力フルーツ📈）, Inohanasyoku_to_hitokatatane_kyuuri📈(1_24hours)12663
那須塩原トマト山 トマト黄色・トマトオレンジ・トマト紫・トマト, Inohanasyoku_to_hitokatatane_kyuuri📈(1_24hours)12663
山と合成能サトウキビ, Inohanasyoku_to_hitokatatane_kyuuri📈(1_24hours)12663
[市場][食欲📈]トマトチーズピザ　50%, Inohanasyoku_to_hitokatatane_kyuuri📈(1_24hours)12663
[市場][食欲📈]白菜📈, Inohanasyoku_to_hitokatatane_kyuuri📈(1_24hours)12663
[合成食]トマト　黒砂糖　水　合成, Inohanasyoku_to_hitokatatane_kyuuri📈(1_24hours)12663
大麦, Inohanasyoku_to_hitokatatane_kyuuri📈(1_24hours)12663
食パンとあんこ, Inohanasyoku_to_hitokatatane_kyuuri📈(1_24hours)12663
おから+黒砂糖　白大豆あん, Inohanasyoku_to_hitokatatane_kyuuri📈(1_24hours)12663
牛乳パン.ドゥ　+ 灰草木、おいしい。, Inohanasyoku_to_hitokatatane_kyuuri📈(1_24hours)12663
赤しそケーキ, Inohanasyoku_to_hitokatatane_kyuuri📈(1_24hours)12664
油（バター）（合成油）　焼きそば　napa 海藻乾品, Inohanasyoku_to_hitokatatane_kyuuri📈(1_24hours)12664
[市場][食欲📈]グラタンバーガー　5, Inohanasyoku_to_hitokatatane_kyuuri📈(1_24hours)12666
川域　… ヒト通るほど大実📈。, Inohanasyoku_to_hitokatatane_kyuuri📈(1_24hours)12666
ぶどう小木, Inohanasyoku_to_hitokatatane_kyuuri📈(1_24hours)12666
不知火　小木, Inohanasyoku_to_hitokatatane_kyuuri📈(1_24hours)12667
if 大根・かぶ・じゃがいも 📈、不知火📈。, Inohanasyoku_to_hitokatatane_kyuuri📈(1_24hours)12667
大木マップ, Inohanasyoku_to_hitokatatane_kyuuri📈(1_24hours)12667
大麦若葉あん（大麦若葉あんこ）, Inohanasyoku_to_hitokatatane_kyuuri📈(1_24hours)12667
尿酸グラフ, Inohanasyoku_to_hitokatatane_kyuuri📈(1_24hours)12667
[市場][食欲📈]きりだいふく（大福欲大福）（もっとだいふく大福）（もちあん長大福）（長大福）（川足実欲大福）（実なら川足早大福）（川足大福）（江戸早仕大福）（江戸喜事大福）（江戸喜大福）（江戸喜早足大福）（江戸食欲大福）, Inohanasyoku_to_hitokatatane_kyuuri📈(1_24hours)12667
川芋　川果樹　川おかわかめ　川生姜　川ガランガル　川ターメリック　川里芋, Inohanasyoku_to_hitokatatane_kyuuri📈(1_24hours)12667
If 川芋　川果樹　川おかわかめ　川生姜　川ガランガル　川ターメリック　川里芋　📈、人気📈。,  Inohanasyoku_to_hitokatatane_kyuuri📈(1_24hours)12667
芋婆と果実食気, Inohanasyoku_to_hitokatatane_kyuuri📈(1_24hours)12667
[合成食]黒糖+アガー、黒糖+アガー + 水、熱、黒糖アガー。, Inohanasyoku_to_hitokatatane_kyuuri📈(1_24hours)12667
[合成食]黒糖パウンドケーキ, Inohanasyoku_to_hitokatatane_kyuuri📈(1_24hours)12667
[合成食]黒糖ドーナツ, Inohanasyoku_to_hitokatatane_kyuuri📈(1_24hours)12667